Bin,Frequency
0.494237821,1
0.49708748,5
0.49993714,11
0.502786799,7
0.505636459,3
More,3
